Keyword,Service,Location,Modifier,Keyword_Type,Search_Intent,Estimated_Difficulty,Content_Type_Suggestion
fönsterputs in och utvändigt,fönsterputs,All,comprehensive,Long-tail,Informational,Medium,Service description page
fönsterputs efter byggarbete,fönsterputs,All,efter byggarbete,Problem-solving,Transactional,Low-Medium,Specialized cleaning page
fönsterputs med garanti,fönsterputs,All,garanti,Long-tail,Transactional,Low,Guarantee/warranty page
kristallklara fönster service,fönsterputs,All,kristallklara,Benefit-focused,Transactional,Low,Results showcase page
fönsterputs askim,fönsterputs,Askim,None,Local Service,Transactional,Low-Medium,Service page for fönsterputs in Askim
billig fönsterputs askim,fönsterputs,Askim,billig,Modified Service,Transactional,Low,Landing page: billig fönsterputs Askim
bästa fönsterputs askim,fönsterputs,Askim,bästa,Modified Service,Transactional,Low-Medium,Landing page: bästa fönsterputs Askim
fönsterputs företag askim,fönsterputs,Askim,företag,Business Service,Transactional,Low,Landing page: företag fönsterputs Askim
fönsterputs nära askim,fönsterputs,Askim,nära,Near Me,Transactional,Low,Landing page: nära fönsterputs Askim
professionell fönsterputs askim,fönsterputs,Askim,professionell,Modified Service,Transactional,Low,Landing page: professionell fönsterputs Askim
fönsterputsare askim,fönsterputsare,Askim,None,Local Service,Transactional,Low-Medium,Service page for fönsterputsare in Askim
billig fönsterputsare askim,fönsterputsare,Askim,billig,Modified Service,Transactional,Low,Landing page: billig fönsterputsare Askim
bästa fönsterputsare askim,fönsterputsare,Askim,bästa,Modified Service,Transactional,Low-Medium,Landing page: bästa fönsterputsare Askim
fönsterputsare företag askim,fönsterputsare,Askim,företag,Business Service,Transactional,Low,Landing page: företag fönsterputsare Askim
fönsterputsare nära askim,fönsterputsare,Askim,nära,Near Me,Transactional,Low,Landing page: nära fönsterputsare Askim
professionell fönsterputsare askim,fönsterputsare,Askim,professionell,Modified Service,Transactional,Low,Landing page: professionell fönsterputsare Askim
fönsterputsning askim,fönsterputsning,Askim,None,Local Service,Transactional,Low-Medium,Service page for fönsterputsning in Askim
billig fönsterputsning askim,fönsterputsning,Askim,billig,Modified Service,Transactional,Low,Landing page: billig fönsterputsning Askim
bästa fönsterputsning askim,fönsterputsning,Askim,bästa,Modified Service,Transactional,Low-Medium,Landing page: bästa fönsterputsning Askim
fönsterputsning företag askim,fönsterputsning,Askim,företag,Business Service,Transactional,Low,Landing page: företag fönsterputsning Askim
fönsterputsning nära askim,fönsterputsning,Askim,nära,Near Me,Transactional,Low,Landing page: nära fönsterputsning Askim
professionell fönsterputsning askim,fönsterputsning,Askim,professionell,Modified Service,Transactional,Low,Landing page: professionell fönsterputsning Askim
fönsterrengöring askim,fönsterrengöring,Askim,None,Local Service,Transactional,Low-Medium,Service page for fönsterrengöring in Askim
billig fönsterrengöring askim,fönsterrengöring,Askim,billig,Modified Service,Transactional,Low,Landing page: billig fönsterrengöring Askim
bästa fönsterrengöring askim,fönsterrengöring,Askim,bästa,Modified Service,Transactional,Low-Medium,Landing page: bästa fönsterrengöring Askim
fönsterrengöring företag askim,fönsterrengöring,Askim,företag,Business Service,Transactional,Low,Landing page: företag fönsterrengöring Askim
fönsterrengöring nära askim,fönsterrengöring,Askim,nära,Near Me,Transactional,Low,Landing page: nära fönsterrengöring Askim
professionell fönsterrengöring askim,fönsterrengöring,Askim,professionell,Modified Service,Transactional,Low,Landing page: professionell fönsterrengöring Askim
företagsstädning askim,företagsstädning,Askim,None,Local Service,Transactional,Low-Medium,Service page for företagsstädning in Askim
billig företagsstädning askim,företagsstädning,Askim,billig,Modified Service,Transactional,Low,Landing page: billig företagsstädning Askim
bästa företagsstädning askim,företagsstädning,Askim,bästa,Modified Service,Transactional,Low-Medium,Landing page: bästa företagsstädning Askim
företagsstädning företag askim,företagsstädning,Askim,företag,Business Service,Transactional,Low,Landing page: företag företagsstädning Askim
företagsstädning nära askim,företagsstädning,Askim,nära,Near Me,Transactional,Low,Landing page: nära företagsstädning Askim
professionell företagsstädning askim,företagsstädning,Askim,professionell,Modified Service,Transactional,Low,Landing page: professionell företagsstädning Askim
hemstädning askim,hemstädning,Askim,None,Local Service,Commercial,Low-Medium,Service page for hemstädning in Askim
billig hemstädning askim,hemstädning,Askim,billig,Modified Service,Commercial,Low,Landing page: billig hemstädning Askim
bästa hemstädning askim,hemstädning,Askim,bästa,Modified Service,Commercial,Low-Medium,Landing page: bästa hemstädning Askim
hemstädning företag askim,hemstädning,Askim,företag,Business Service,Commercial,Low,Landing page: företag hemstädning Askim
hemstädning nära askim,hemstädning,Askim,nära,Near Me,Commercial,Low,Landing page: nära hemstädning Askim
professionell hemstädning askim,hemstädning,Askim,professionell,Modified Service,Commercial,Low,Landing page: professionell hemstädning Askim
kontorsstädning askim,kontorsstädning,Askim,None,Local Service,Commercial,Low-Medium,Service page for kontorsstädning in Askim
billig kontorsstädning askim,kontorsstädning,Askim,billig,Modified Service,Commercial,Low,Landing page: billig kontorsstädning Askim
bästa kontorsstädning askim,kontorsstädning,Askim,bästa,Modified Service,Commercial,Low-Medium,Landing page: bästa kontorsstädning Askim
kontorsstädning företag askim,kontorsstädning,Askim,företag,Business Service,Commercial,Low,Landing page: företag kontorsstädning Askim
kontorsstädning nära askim,kontorsstädning,Askim,nära,Near Me,Commercial,Low,Landing page: nära kontorsstädning Askim
professionell kontorsstädning askim,kontorsstädning,Askim,professionell,Modified Service,Commercial,Low,Landing page: professionell kontorsstädning Askim
fönsterputs billdal,fönsterputs,Billdal,None,Local Service,Transactional,Low-Medium,Service page for fönsterputs in Billdal
billig fönsterputs billdal,fönsterputs,Billdal,billig,Modified Service,Transactional,Low,Landing page: billig fönsterputs Billdal
bästa fönsterputs billdal,fönsterputs,Billdal,bästa,Modified Service,Transactional,Low-Medium,Landing page: bästa fönsterputs Billdal
fönsterputs företag billdal,fönsterputs,Billdal,företag,Business Service,Transactional,Low,Landing page: företag fönsterputs Billdal
fönsterputs nära billdal,fönsterputs,Billdal,nära,Near Me,Transactional,Low,Landing page: nära fönsterputs Billdal
professionell fönsterputs billdal,fönsterputs,Billdal,professionell,Modified Service,Transactional,Low,Landing page: professionell fönsterputs Billdal
fönsterputsare billdal,fönsterputsare,Billdal,None,Local Service,Transactional,Low-Medium,Service page for fönsterputsare in Billdal
billig fönsterputsare billdal,fönsterputsare,Billdal,billig,Modified Service,Transactional,Low,Landing page: billig fönsterputsare Billdal
bästa fönsterputsare billdal,fönsterputsare,Billdal,bästa,Modified Service,Transactional,Low-Medium,Landing page: bästa fönsterputsare Billdal
fönsterputsare företag billdal,fönsterputsare,Billdal,företag,Business Service,Transactional,Low,Landing page: företag fönsterputsare Billdal
fönsterputsare nära billdal,fönsterputsare,Billdal,nära,Near Me,Transactional,Low,Landing page: nära fönsterputsare Billdal
professionell fönsterputsare billdal,fönsterputsare,Billdal,professionell,Modified Service,Transactional,Low,Landing page: professionell fönsterputsare Billdal
fönsterputsning billdal,fönsterputsning,Billdal,None,Local Service,Transactional,Low-Medium,Service page for fönsterputsning in Billdal
billig fönsterputsning billdal,fönsterputsning,Billdal,billig,Modified Service,Transactional,Low,Landing page: billig fönsterputsning Billdal
bästa fönsterputsning billdal,fönsterputsning,Billdal,bästa,Modified Service,Transactional,Low-Medium,Landing page: bästa fönsterputsning Billdal
fönsterputsning företag billdal,fönsterputsning,Billdal,företag,Business Service,Transactional,Low,Landing page: företag fönsterputsning Billdal
fönsterputsning nära billdal,fönsterputsning,Billdal,nära,Near Me,Transactional,Low,Landing page: nära fönsterputsning Billdal
professionell fönsterputsning billdal,fönsterputsning,Billdal,professionell,Modified Service,Transactional,Low,Landing page: professionell fönsterputsning Billdal
fönsterrengöring billdal,fönsterrengöring,Billdal,None,Local Service,Transactional,Low-Medium,Service page for fönsterrengöring in Billdal
billig fönsterrengöring billdal,fönsterrengöring,Billdal,billig,Modified Service,Transactional,Low,Landing page: billig fönsterrengöring Billdal
bästa fönsterrengöring billdal,fönsterrengöring,Billdal,bästa,Modified Service,Transactional,Low-Medium,Landing page: bästa fönsterrengöring Billdal
fönsterrengöring företag billdal,fönsterrengöring,Billdal,företag,Business Service,Transactional,Low,Landing page: företag fönsterrengöring Billdal
fönsterrengöring nära billdal,fönsterrengöring,Billdal,nära,Near Me,Transactional,Low,Landing page: nära fönsterrengöring Billdal
professionell fönsterrengöring billdal,fönsterrengöring,Billdal,professionell,Modified Service,Transactional,Low,Landing page: professionell fönsterrengöring Billdal
företagsstädning billdal,företagsstädning,Billdal,None,Local Service,Transactional,Low-Medium,Service page for företagsstädning in Billdal
billig företagsstädning billdal,företagsstädning,Billdal,billig,Modified Service,Transactional,Low,Landing page: billig företagsstädning Billdal
bästa företagsstädning billdal,företagsstädning,Billdal,bästa,Modified Service,Transactional,Low-Medium,Landing page: bästa företagsstädning Billdal
företagsstädning företag billdal,företagsstädning,Billdal,företag,Business Service,Transactional,Low,Landing page: företag företagsstädning Billdal
företagsstädning nära billdal,företagsstädning,Billdal,nära,Near Me,Transactional,Low,Landing page: nära företagsstädning Billdal
professionell företagsstädning billdal,företagsstädning,Billdal,professionell,Modified Service,Transactional,Low,Landing page: professionell företagsstädning Billdal
hemstädning billdal,hemstädning,Billdal,None,Local Service,Commercial,Low-Medium,Service page for hemstädning in Billdal
billig hemstädning billdal,hemstädning,Billdal,billig,Modified Service,Commercial,Low,Landing page: billig hemstädning Billdal
bästa hemstädning billdal,hemstädning,Billdal,bästa,Modified Service,Commercial,Low-Medium,Landing page: bästa hemstädning Billdal
hemstädning företag billdal,hemstädning,Billdal,företag,Business Service,Commercial,Low,Landing page: företag hemstädning Billdal
hemstädning nära billdal,hemstädning,Billdal,nära,Near Me,Commercial,Low,Landing page: nära hemstädning Billdal
professionell hemstädning billdal,hemstädning,Billdal,professionell,Modified Service,Commercial,Low,Landing page: professionell hemstädning Billdal
kontorsstädning billdal,kontorsstädning,Billdal,None,Local Service,Commercial,Low-Medium,Service page for kontorsstädning in Billdal
billig kontorsstädning billdal,kontorsstädning,Billdal,billig,Modified Service,Commercial,Low,Landing page: billig kontorsstädning Billdal
bästa kontorsstädning billdal,kontorsstädning,Billdal,bästa,Modified Service,Commercial,Low-Medium,Landing page: bästa kontorsstädning Billdal
kontorsstädning företag billdal,kontorsstädning,Billdal,företag,Business Service,Commercial,Low,Landing page: företag kontorsstädning Billdal
kontorsstädning nära billdal,kontorsstädning,Billdal,nära,Near Me,Commercial,Low,Landing page: nära kontorsstädning Billdal
professionell kontorsstädning billdal,kontorsstädning,Billdal,professionell,Modified Service,Commercial,Low,Landing page: professionell kontorsstädning Billdal
fönsterputs bua,fönsterputs,Bua,None,Local Service,Transactional,Low-Medium,Service page for fönsterputs in Bua
billig fönsterputs bua,fönsterputs,Bua,billig,Modified Service,Transactional,Low,Landing page: billig fönsterputs Bua
bästa fönsterputs bua,fönsterputs,Bua,bästa,Modified Service,Transactional,Low-Medium,Landing page: bästa fönsterputs Bua
fönsterputs företag bua,fönsterputs,Bua,företag,Business Service,Transactional,Low,Landing page: företag fönsterputs Bua
fönsterputs nära bua,fönsterputs,Bua,nära,Near Me,Transactional,Low,Landing page: nära fönsterputs Bua
professionell fönsterputs bua,fönsterputs,Bua,professionell,Modified Service,Transactional,Low,Landing page: professionell fönsterputs Bua
fönsterputsare bua,fönsterputsare,Bua,None,Local Service,Transactional,Low-Medium,Service page for fönsterputsare in Bua
billig fönsterputsare bua,fönsterputsare,Bua,billig,Modified Service,Transactional,Low,Landing page: billig fönsterputsare Bua
bästa fönsterputsare bua,fönsterputsare,Bua,bästa,Modified Service,Transactional,Low-Medium,Landing page: bästa fönsterputsare Bua
fönsterputsare företag bua,fönsterputsare,Bua,företag,Business Service,Transactional,Low,Landing page: företag fönsterputsare Bua
fönsterputsare nära bua,fönsterputsare,Bua,nära,Near Me,Transactional,Low,Landing page: nära fönsterputsare Bua
professionell fönsterputsare bua,fönsterputsare,Bua,professionell,Modified Service,Transactional,Low,Landing page: professionell fönsterputsare Bua
fönsterputsning bua,fönsterputsning,Bua,None,Local Service,Transactional,Low-Medium,Service page for fönsterputsning in Bua
billig fönsterputsning bua,fönsterputsning,Bua,billig,Modified Service,Transactional,Low,Landing page: billig fönsterputsning Bua
bästa fönsterputsning bua,fönsterputsning,Bua,bästa,Modified Service,Transactional,Low-Medium,Landing page: bästa fönsterputsning Bua
fönsterputsning företag bua,fönsterputsning,Bua,företag,Business Service,Transactional,Low,Landing page: företag fönsterputsning Bua
fönsterputsning nära bua,fönsterputsning,Bua,nära,Near Me,Transactional,Low,Landing page: nära fönsterputsning Bua
professionell fönsterputsning bua,fönsterputsning,Bua,professionell,Modified Service,Transactional,Low,Landing page: professionell fönsterputsning Bua
fönsterrengöring bua,fönsterrengöring,Bua,None,Local Service,Transactional,Low-Medium,Service page for fönsterrengöring in Bua
billig fönsterrengöring bua,fönsterrengöring,Bua,billig,Modified Service,Transactional,Low,Landing page: billig fönsterrengöring Bua
bästa fönsterrengöring bua,fönsterrengöring,Bua,bästa,Modified Service,Transactional,Low-Medium,Landing page: bästa fönsterrengöring Bua
fönsterrengöring företag bua,fönsterrengöring,Bua,företag,Business Service,Transactional,Low,Landing page: företag fönsterrengöring Bua
fönsterrengöring nära bua,fönsterrengöring,Bua,nära,Near Me,Transactional,Low,Landing page: nära fönsterrengöring Bua
professionell fönsterrengöring bua,fönsterrengöring,Bua,professionell,Modified Service,Transactional,Low,Landing page: professionell fönsterrengöring Bua
företagsstädning bua,företagsstädning,Bua,None,Local Service,Transactional,Low-Medium,Service page for företagsstädning in Bua
billig företagsstädning bua,företagsstädning,Bua,billig,Modified Service,Transactional,Low,Landing page: billig företagsstädning Bua
bästa företagsstädning bua,företagsstädning,Bua,bästa,Modified Service,Transactional,Low-Medium,Landing page: bästa företagsstädning Bua
företagsstädning företag bua,företagsstädning,Bua,företag,Business Service,Transactional,Low,Landing page: företag företagsstädning Bua
företagsstädning nära bua,företagsstädning,Bua,nära,Near Me,Transactional,Low,Landing page: nära företagsstädning Bua
professionell företagsstädning bua,företagsstädning,Bua,professionell,Modified Service,Transactional,Low,Landing page: professionell företagsstädning Bua
hemstädning bua,hemstädning,Bua,None,Local Service,Commercial,Low-Medium,Service page for hemstädning in Bua
billig hemstädning bua,hemstädning,Bua,billig,Modified Service,Commercial,Low,Landing page: billig hemstädning Bua
bästa hemstädning bua,hemstädning,Bua,bästa,Modified Service,Commercial,Low-Medium,Landing page: bästa hemstädning Bua
hemstädning företag bua,hemstädning,Bua,företag,Business Service,Commercial,Low,Landing page: företag hemstädning Bua
hemstädning nära bua,hemstädning,Bua,nära,Near Me,Commercial,Low,Landing page: nära hemstädning Bua
professionell hemstädning bua,hemstädning,Bua,professionell,Modified Service,Commercial,Low,Landing page: professionell hemstädning Bua
kontorsstädning bua,kontorsstädning,Bua,None,Local Service,Commercial,Low-Medium,Service page for kontorsstädning in Bua
billig kontorsstädning bua,kontorsstädning,Bua,billig,Modified Service,Commercial,Low,Landing page: billig kontorsstädning Bua
bästa kontorsstädning bua,kontorsstädning,Bua,bästa,Modified Service,Commercial,Low-Medium,Landing page: bästa kontorsstädning Bua
kontorsstädning företag bua,kontorsstädning,Bua,företag,Business Service,Commercial,Low,Landing page: företag kontorsstädning Bua
kontorsstädning nära bua,kontorsstädning,Bua,nära,Near Me,Commercial,Low,Landing page: nära kontorsstädning Bua
professionell kontorsstädning bua,kontorsstädning,Bua,professionell,Modified Service,Commercial,Low,Landing page: professionell kontorsstädning Bua
fönsterputs frillesås,fönsterputs,Frillesås,None,Local Service,Transactional,Low-Medium,Service page for fönsterputs in Frillesås
billig fönsterputs frillesås,fönsterputs,Frillesås,billig,Modified Service,Transactional,Low,Landing page: billig fönsterputs Frillesås
bästa fönsterputs frillesås,fönsterputs,Frillesås,bästa,Modified Service,Transactional,Low-Medium,Landing page: bästa fönsterputs Frillesås
fönsterputs företag frillesås,fönsterputs,Frillesås,företag,Business Service,Transactional,Low,Landing page: företag fönsterputs Frillesås
fönsterputs nära frillesås,fönsterputs,Frillesås,nära,Near Me,Transactional,Low,Landing page: nära fönsterputs Frillesås
professionell fönsterputs frillesås,fönsterputs,Frillesås,professionell,Modified Service,Transactional,Low,Landing page: professionell fönsterputs Frillesås
fönsterputsare frillesås,fönsterputsare,Frillesås,None,Local Service,Transactional,Low-Medium,Service page for fönsterputsare in Frillesås
billig fönsterputsare frillesås,fönsterputsare,Frillesås,billig,Modified Service,Transactional,Low,Landing page: billig fönsterputsare Frillesås
bästa fönsterputsare frillesås,fönsterputsare,Frillesås,bästa,Modified Service,Transactional,Low-Medium,Landing page: bästa fönsterputsare Frillesås
fönsterputsare företag frillesås,fönsterputsare,Frillesås,företag,Business Service,Transactional,Low,Landing page: företag fönsterputsare Frillesås
fönsterputsare nära frillesås,fönsterputsare,Frillesås,nära,Near Me,Transactional,Low,Landing page: nära fönsterputsare Frillesås
professionell fönsterputsare frillesås,fönsterputsare,Frillesås,professionell,Modified Service,Transactional,Low,Landing page: professionell fönsterputsare Frillesås
fönsterputsning frillesås,fönsterputsning,Frillesås,None,Local Service,Transactional,Low-Medium,Service page for fönsterputsning in Frillesås
billig fönsterputsning frillesås,fönsterputsning,Frillesås,billig,Modified Service,Transactional,Low,Landing page: billig fönsterputsning Frillesås
bästa fönsterputsning frillesås,fönsterputsning,Frillesås,bästa,Modified Service,Transactional,Low-Medium,Landing page: bästa fönsterputsning Frillesås
fönsterputsning företag frillesås,fönsterputsning,Frillesås,företag,Business Service,Transactional,Low,Landing page: företag fönsterputsning Frillesås
fönsterputsning nära frillesås,fönsterputsning,Frillesås,nära,Near Me,Transactional,Low,Landing page: nära fönsterputsning Frillesås
professionell fönsterputsning frillesås,fönsterputsning,Frillesås,professionell,Modified Service,Transactional,Low,Landing page: professionell fönsterputsning Frillesås
fönsterrengöring frillesås,fönsterrengöring,Frillesås,None,Local Service,Transactional,Low-Medium,Service page for fönsterrengöring in Frillesås
billig fönsterrengöring frillesås,fönsterrengöring,Frillesås,billig,Modified Service,Transactional,Low,Landing page: billig fönsterrengöring Frillesås
bästa fönsterrengöring frillesås,fönsterrengöring,Frillesås,bästa,Modified Service,Transactional,Low-Medium,Landing page: bästa fönsterrengöring Frillesås
fönsterrengöring företag frillesås,fönsterrengöring,Frillesås,företag,Business Service,Transactional,Low,Landing page: företag fönsterrengöring Frillesås
fönsterrengöring nära frillesås,fönsterrengöring,Frillesås,nära,Near Me,Transactional,Low,Landing page: nära fönsterrengöring Frillesås
professionell fönsterrengöring frillesås,fönsterrengöring,Frillesås,professionell,Modified Service,Transactional,Low,Landing page: professionell fönsterrengöring Frillesås
företagsstädning frillesås,företagsstädning,Frillesås,None,Local Service,Transactional,Low-Medium,Service page for företagsstädning in Frillesås
billig företagsstädning frillesås,företagsstädning,Frillesås,billig,Modified Service,Transactional,Low,Landing page: billig företagsstädning Frillesås
bästa företagsstädning frillesås,företagsstädning,Frillesås,bästa,Modified Service,Transactional,Low-Medium,Landing page: bästa företagsstädning Frillesås
företagsstädning företag frillesås,företagsstädning,Frillesås,företag,Business Service,Transactional,Low,Landing page: företag företagsstädning Frillesås
företagsstädning nära frillesås,företagsstädning,Frillesås,nära,Near Me,Transactional,Low,Landing page: nära företagsstädning Frillesås
professionell företagsstädning frillesås,företagsstädning,Frillesås,professionell,Modified Service,Transactional,Low,Landing page: professionell företagsstädning Frillesås
hemstädning frillesås,hemstädning,Frillesås,None,Local Service,Commercial,Low-Medium,Service page for hemstädning in Frillesås
billig hemstädning frillesås,hemstädning,Frillesås,billig,Modified Service,Commercial,Low,Landing page: billig hemstädning Frillesås
bästa hemstädning frillesås,hemstädning,Frillesås,bästa,Modified Service,Commercial,Low-Medium,Landing page: bästa hemstädning Frillesås
hemstädning företag frillesås,hemstädning,Frillesås,företag,Business Service,Commercial,Low,Landing page: företag hemstädning Frillesås
hemstädning nära frillesås,hemstädning,Frillesås,nära,Near Me,Commercial,Low,Landing page: nära hemstädning Frillesås
professionell hemstädning frillesås,hemstädning,Frillesås,professionell,Modified Service,Commercial,Low,Landing page: professionell hemstädning Frillesås
kontorsstädning frillesås,kontorsstädning,Frillesås,None,Local Service,Commercial,Low-Medium,Service page for kontorsstädning in Frillesås
billig kontorsstädning frillesås,kontorsstädning,Frillesås,billig,Modified Service,Commercial,Low,Landing page: billig kontorsstädning Frillesås
bästa kontorsstädning frillesås,kontorsstädning,Frillesås,bästa,Modified Service,Commercial,Low-Medium,Landing page: bästa kontorsstädning Frillesås
kontorsstädning företag frillesås,kontorsstädning,Frillesås,företag,Business Service,Commercial,Low,Landing page: företag kontorsstädning Frillesås
kontorsstädning nära frillesås,kontorsstädning,Frillesås,nära,Near Me,Commercial,Low,Landing page: nära kontorsstädning Frillesås
professionell kontorsstädning frillesås,kontorsstädning,Frillesås,professionell,Modified Service,Commercial,Low,Landing page: professionell kontorsstädning Frillesås
fönsterputs göteborg,fönsterputs,Göteborg,None,Local Service,Transactional,Medium-High,Service page for fönsterputs in Göteborg
billig fönsterputs göteborg,fönsterputs,Göteborg,billig,Modified Service,Transactional,Medium,Landing page: billig fönsterputs Göteborg
bästa fönsterputs göteborg,fönsterputs,Göteborg,bästa,Modified Service,Transactional,Medium-High,Landing page: bästa fönsterputs Göteborg
bästa fönsterputs göteborg,fönsterputs,Göteborg,bästa,Long-tail,Transactional,High,Comparison/Review page
fönsterputs företag göteborg,fönsterputs,Göteborg,företag,Business Service,Transactional,Medium,Landing page: företag fönsterputs Göteborg
miljövänlig fönsterputs göteborg,fönsterputs,Göteborg,miljövänlig,Long-tail,Transactional,Medium,Eco-friendly service page
fönsterputs nära göteborg,fönsterputs,Göteborg,nära,Near Me,Transactional,Medium,Landing page: nära fönsterputs Göteborg
professionell fönsterputs göteborg,fönsterputs,Göteborg,professionell,Modified Service,Transactional,Medium,Landing page: professionell fönsterputs Göteborg
fönsterputs villa göteborg,fönsterputs,Göteborg,villa,Long-tail,Transactional,Medium-High,Residential service page
fönsterputsare göteborg,fönsterputsare,Göteborg,None,Local Service,Transactional,Medium-High,Service page for fönsterputsare in Göteborg
billig fönsterputsare göteborg,fönsterputsare,Göteborg,billig,Modified Service,Transactional,Medium,Landing page: billig fönsterputsare Göteborg
bästa fönsterputsare göteborg,fönsterputsare,Göteborg,bästa,Modified Service,Transactional,Medium-High,Landing page: bästa fönsterputsare Göteborg
fönsterputsare företag göteborg,fönsterputsare,Göteborg,företag,Business Service,Transactional,Medium,Landing page: företag fönsterputsare Göteborg
fönsterputsare nära göteborg,fönsterputsare,Göteborg,nära,Near Me,Transactional,Medium,Landing page: nära fönsterputsare Göteborg
professionell fönsterputsare göteborg,fönsterputsare,Göteborg,professionell,Modified Service,Transactional,Medium,Landing page: professionell fönsterputsare Göteborg
fönsterputsning göteborg,fönsterputsning,Göteborg,None,Local Service,Transactional,Medium-High,Service page for fönsterputsning in Göteborg
billig fönsterputsning göteborg,fönsterputsning,Göteborg,billig,Modified Service,Transactional,Medium,Landing page: billig fönsterputsning Göteborg
bästa fönsterputsning göteborg,fönsterputsning,Göteborg,bästa,Modified Service,Transactional,Medium-High,Landing page: bästa fönsterputsning Göteborg
fönsterputsning företag göteborg,fönsterputsning,Göteborg,företag,Business Service,Transactional,Medium,Landing page: företag fönsterputsning Göteborg
fönsterputsning nära göteborg,fönsterputsning,Göteborg,nära,Near Me,Transactional,Medium,Landing page: nära fönsterputsning Göteborg
professionell fönsterputsning göteborg,fönsterputsning,Göteborg,professionell,Modified Service,Transactional,Medium,Landing page: professionell fönsterputsning Göteborg
fönsterrengöring göteborg,fönsterrengöring,Göteborg,None,Local Service,Transactional,Medium-High,Service page for fönsterrengöring in Göteborg
billig fönsterrengöring göteborg,fönsterrengöring,Göteborg,billig,Modified Service,Transactional,Medium,Landing page: billig fönsterrengöring Göteborg
bästa fönsterrengöring göteborg,fönsterrengöring,Göteborg,bästa,Modified Service,Transactional,Medium-High,Landing page: bästa fönsterrengöring Göteborg
fönsterrengöring företag göteborg,fönsterrengöring,Göteborg,företag,Business Service,Transactional,Medium,Landing page: företag fönsterrengöring Göteborg
fönsterrengöring nära göteborg,fönsterrengöring,Göteborg,nära,Near Me,Transactional,Medium,Landing page: nära fönsterrengöring Göteborg
professionell fönsterrengöring göteborg,fönsterrengöring,Göteborg,professionell,Modified Service,Transactional,Medium,Landing page: professionell fönsterrengöring Göteborg
företagsstädning göteborg,företagsstädning,Göteborg,None,Local Service,Transactional,Medium-High,Service page for företagsstädning in Göteborg
billig företagsstädning göteborg,företagsstädning,Göteborg,billig,Modified Service,Transactional,Medium,Landing page: billig företagsstädning Göteborg
bästa företagsstädning göteborg,företagsstädning,Göteborg,bästa,Modified Service,Transactional,Medium-High,Landing page: bästa företagsstädning Göteborg
företagsstädning företag göteborg,företagsstädning,Göteborg,företag,Business Service,Transactional,Medium,Landing page: företag företagsstädning Göteborg
företagsstädning nära göteborg,företagsstädning,Göteborg,nära,Near Me,Transactional,Medium,Landing page: nära företagsstädning Göteborg
professionell företagsstädning göteborg,företagsstädning,Göteborg,professionell,Modified Service,Transactional,Medium,Landing page: professionell företagsstädning Göteborg
hemstädning göteborg,hemstädning,Göteborg,None,Local Service,Commercial,Medium-High,Service page for hemstädning in Göteborg
billig hemstädning göteborg,hemstädning,Göteborg,billig,Modified Service,Commercial,Medium,Landing page: billig hemstädning Göteborg
bästa hemstädning göteborg,hemstädning,Göteborg,bästa,Modified Service,Commercial,Medium-High,Landing page: bästa hemstädning Göteborg
hemstädning företag göteborg,hemstädning,Göteborg,företag,Business Service,Commercial,Medium,Landing page: företag hemstädning Göteborg
hemstädning nära göteborg,hemstädning,Göteborg,nära,Near Me,Commercial,Medium,Landing page: nära hemstädning Göteborg
professionell hemstädning göteborg,hemstädning,Göteborg,professionell,Modified Service,Commercial,Medium,Landing page: professionell hemstädning Göteborg
kontorsstädning göteborg,kontorsstädning,Göteborg,None,Local Service,Commercial,Medium-High,Service page for kontorsstädning in Göteborg
billig kontorsstädning göteborg,kontorsstädning,Göteborg,billig,Modified Service,Commercial,Medium,Landing page: billig kontorsstädning Göteborg
bästa kontorsstädning göteborg,kontorsstädning,Göteborg,bästa,Modified Service,Commercial,Medium-High,Landing page: bästa kontorsstädning Göteborg
kontorsstädning företag göteborg,kontorsstädning,Göteborg,företag,Business Service,Commercial,Medium,Landing page: företag kontorsstädning Göteborg
kontorsstädning nära göteborg,kontorsstädning,Göteborg,nära,Near Me,Commercial,Medium,Landing page: nära kontorsstädning Göteborg
professionell kontorsstädning göteborg,kontorsstädning,Göteborg,professionell,Modified Service,Commercial,Medium,Landing page: professionell kontorsstädning Göteborg
fönsterputs kullavik,fönsterputs,Kullavik,None,Local Service,Transactional,Low-Medium,Service page for fönsterputs in Kullavik
billig fönsterputs kullavik,fönsterputs,Kullavik,billig,Modified Service,Transactional,Low,Landing page: billig fönsterputs Kullavik
bästa fönsterputs kullavik,fönsterputs,Kullavik,bästa,Modified Service,Transactional,Low-Medium,Landing page: bästa fönsterputs Kullavik
fönsterputs företag kullavik,fönsterputs,Kullavik,företag,Business Service,Transactional,Low,Landing page: företag fönsterputs Kullavik
fönsterputs nära kullavik,fönsterputs,Kullavik,nära,Near Me,Transactional,Low,Landing page: nära fönsterputs Kullavik
professionell fönsterputs kullavik,fönsterputs,Kullavik,professionell,Modified Service,Transactional,Low,Landing page: professionell fönsterputs Kullavik
fönsterputsare kullavik,fönsterputsare,Kullavik,None,Local Service,Transactional,Low-Medium,Service page for fönsterputsare in Kullavik
billig fönsterputsare kullavik,fönsterputsare,Kullavik,billig,Modified Service,Transactional,Low,Landing page: billig fönsterputsare Kullavik
bästa fönsterputsare kullavik,fönsterputsare,Kullavik,bästa,Modified Service,Transactional,Low-Medium,Landing page: bästa fönsterputsare Kullavik
fönsterputsare företag kullavik,fönsterputsare,Kullavik,företag,Business Service,Transactional,Low,Landing page: företag fönsterputsare Kullavik
fönsterputsare nära kullavik,fönsterputsare,Kullavik,nära,Near Me,Transactional,Low,Landing page: nära fönsterputsare Kullavik
professionell fönsterputsare kullavik,fönsterputsare,Kullavik,professionell,Modified Service,Transactional,Low,Landing page: professionell fönsterputsare Kullavik
fönsterputsning kullavik,fönsterputsning,Kullavik,None,Local Service,Transactional,Low-Medium,Service page for fönsterputsning in Kullavik
billig fönsterputsning kullavik,fönsterputsning,Kullavik,billig,Modified Service,Transactional,Low,Landing page: billig fönsterputsning Kullavik
bästa fönsterputsning kullavik,fönsterputsning,Kullavik,bästa,Modified Service,Transactional,Low-Medium,Landing page: bästa fönsterputsning Kullavik
fönsterputsning företag kullavik,fönsterputsning,Kullavik,företag,Business Service,Transactional,Low,Landing page: företag fönsterputsning Kullavik
fönsterputsning nära kullavik,fönsterputsning,Kullavik,nära,Near Me,Transactional,Low,Landing page: nära fönsterputsning Kullavik
professionell fönsterputsning kullavik,fönsterputsning,Kullavik,professionell,Modified Service,Transactional,Low,Landing page: professionell fönsterputsning Kullavik
fönsterrengöring kullavik,fönsterrengöring,Kullavik,None,Local Service,Transactional,Low-Medium,Service page for fönsterrengöring in Kullavik
billig fönsterrengöring kullavik,fönsterrengöring,Kullavik,billig,Modified Service,Transactional,Low,Landing page: billig fönsterrengöring Kullavik
bästa fönsterrengöring kullavik,fönsterrengöring,Kullavik,bästa,Modified Service,Transactional,Low-Medium,Landing page: bästa fönsterrengöring Kullavik
fönsterrengöring företag kullavik,fönsterrengöring,Kullavik,företag,Business Service,Transactional,Low,Landing page: företag fönsterrengöring Kullavik
fönsterrengöring nära kullavik,fönsterrengöring,Kullavik,nära,Near Me,Transactional,Low,Landing page: nära fönsterrengöring Kullavik
professionell fönsterrengöring kullavik,fönsterrengöring,Kullavik,professionell,Modified Service,Transactional,Low,Landing page: professionell fönsterrengöring Kullavik
företagsstädning kullavik,företagsstädning,Kullavik,None,Local Service,Transactional,Low-Medium,Service page for företagsstädning in Kullavik
billig företagsstädning kullavik,företagsstädning,Kullavik,billig,Modified Service,Transactional,Low,Landing page: billig företagsstädning Kullavik
bästa företagsstädning kullavik,företagsstädning,Kullavik,bästa,Modified Service,Transactional,Low-Medium,Landing page: bästa företagsstädning Kullavik
företagsstädning företag kullavik,företagsstädning,Kullavik,företag,Business Service,Transactional,Low,Landing page: företag företagsstädning Kullavik
företagsstädning nära kullavik,företagsstädning,Kullavik,nära,Near Me,Transactional,Low,Landing page: nära företagsstädning Kullavik
professionell företagsstädning kullavik,företagsstädning,Kullavik,professionell,Modified Service,Transactional,Low,Landing page: professionell företagsstädning Kullavik
hemstädning kullavik,hemstädning,Kullavik,None,Local Service,Commercial,Low-Medium,Service page for hemstädning in Kullavik
billig hemstädning kullavik,hemstädning,Kullavik,billig,Modified Service,Commercial,Low,Landing page: billig hemstädning Kullavik
bästa hemstädning kullavik,hemstädning,Kullavik,bästa,Modified Service,Commercial,Low-Medium,Landing page: bästa hemstädning Kullavik
hemstädning företag kullavik,hemstädning,Kullavik,företag,Business Service,Commercial,Low,Landing page: företag hemstädning Kullavik
hemstädning nära kullavik,hemstädning,Kullavik,nära,Near Me,Commercial,Low,Landing page: nära hemstädning Kullavik
professionell hemstädning kullavik,hemstädning,Kullavik,professionell,Modified Service,Commercial,Low,Landing page: professionell hemstädning Kullavik
kontorsstädning kullavik,kontorsstädning,Kullavik,None,Local Service,Commercial,Low-Medium,Service page for kontorsstädning in Kullavik
billig kontorsstädning kullavik,kontorsstädning,Kullavik,billig,Modified Service,Commercial,Low,Landing page: billig kontorsstädning Kullavik
bästa kontorsstädning kullavik,kontorsstädning,Kullavik,bästa,Modified Service,Commercial,Low-Medium,Landing page: bästa kontorsstädning Kullavik
kontorsstädning företag kullavik,kontorsstädning,Kullavik,företag,Business Service,Commercial,Low,Landing page: företag kontorsstädning Kullavik
kontorsstädning nära kullavik,kontorsstädning,Kullavik,nära,Near Me,Commercial,Low,Landing page: nära kontorsstädning Kullavik
professionell kontorsstädning kullavik,kontorsstädning,Kullavik,professionell,Modified Service,Commercial,Low,Landing page: professionell kontorsstädning Kullavik
fönsterputs kungsbacka,fönsterputs,Kungsbacka,None,Local Service,Transactional,Medium-High,Service page for fönsterputs in Kungsbacka
billig fönsterputs kungsbacka,fönsterputs,Kungsbacka,billig,Modified Service,Transactional,Medium,Landing page: billig fönsterputs Kungsbacka
bästa fönsterputs kungsbacka,fönsterputs,Kungsbacka,bästa,Modified Service,Transactional,Medium-High,Landing page: bästa fönsterputs Kungsbacka
fönsterputs företag kungsbacka,fönsterputs,Kungsbacka,företag,Business Service,Transactional,Medium,Landing page: företag fönsterputs Kungsbacka
fönsterputs nära kungsbacka,fönsterputs,Kungsbacka,nära,Near Me,Transactional,Medium,Landing page: nära fönsterputs Kungsbacka
professionell fönsterputs kungsbacka,fönsterputs,Kungsbacka,professionell,Modified Service,Transactional,Medium,Landing page: professionell fönsterputs Kungsbacka
fönsterputsare kungsbacka,fönsterputsare,Kungsbacka,None,Local Service,Transactional,Medium-High,Service page for fönsterputsare in Kungsbacka
billig fönsterputsare kungsbacka,fönsterputsare,Kungsbacka,billig,Modified Service,Transactional,Medium,Landing page: billig fönsterputsare Kungsbacka
bästa fönsterputsare kungsbacka,fönsterputsare,Kungsbacka,bästa,Modified Service,Transactional,Medium-High,Landing page: bästa fönsterputsare Kungsbacka
fönsterputsare företag kungsbacka,fönsterputsare,Kungsbacka,företag,Business Service,Transactional,Medium,Landing page: företag fönsterputsare Kungsbacka
fönsterputsare nära kungsbacka,fönsterputsare,Kungsbacka,nära,Near Me,Transactional,Medium,Landing page: nära fönsterputsare Kungsbacka
professionell fönsterputsare kungsbacka,fönsterputsare,Kungsbacka,professionell,Modified Service,Transactional,Medium,Landing page: professionell fönsterputsare Kungsbacka
fönsterputsning kungsbacka,fönsterputsning,Kungsbacka,None,Local Service,Transactional,Medium-High,Service page for fönsterputsning in Kungsbacka
billig fönsterputsning kungsbacka,fönsterputsning,Kungsbacka,billig,Modified Service,Transactional,Medium,Landing page: billig fönsterputsning Kungsbacka
bästa fönsterputsning kungsbacka,fönsterputsning,Kungsbacka,bästa,Modified Service,Transactional,Medium-High,Landing page: bästa fönsterputsning Kungsbacka
fönsterputsning företag kungsbacka,fönsterputsning,Kungsbacka,företag,Business Service,Transactional,Medium,Landing page: företag fönsterputsning Kungsbacka
fönsterputsning nära kungsbacka,fönsterputsning,Kungsbacka,nära,Near Me,Transactional,Medium,Landing page: nära fönsterputsning Kungsbacka
professionell fönsterputsning kungsbacka,fönsterputsning,Kungsbacka,professionell,Modified Service,Transactional,Medium,Landing page: professionell fönsterputsning Kungsbacka
professionell fönsterputsning kungsbacka,fönsterputsning,Kungsbacka,professionell,Long-tail,Transactional,Medium,Service quality page
fönsterrengöring kungsbacka,fönsterrengöring,Kungsbacka,None,Local Service,Transactional,Medium-High,Service page for fönsterrengöring in Kungsbacka
billig fönsterrengöring kungsbacka,fönsterrengöring,Kungsbacka,billig,Modified Service,Transactional,Medium,Landing page: billig fönsterrengöring Kungsbacka
bästa fönsterrengöring kungsbacka,fönsterrengöring,Kungsbacka,bästa,Modified Service,Transactional,Medium-High,Landing page: bästa fönsterrengöring Kungsbacka
fönsterrengöring företag kungsbacka,fönsterrengöring,Kungsbacka,företag,Business Service,Transactional,Medium,Landing page: företag fönsterrengöring Kungsbacka
fönsterrengöring nära kungsbacka,fönsterrengöring,Kungsbacka,nära,Near Me,Transactional,Medium,Landing page: nära fönsterrengöring Kungsbacka
professionell fönsterrengöring kungsbacka,fönsterrengöring,Kungsbacka,professionell,Modified Service,Transactional,Medium,Landing page: professionell fönsterrengöring Kungsbacka
företagsstädning kungsbacka,företagsstädning,Kungsbacka,None,Local Service,Transactional,Medium-High,Service page for företagsstädning in Kungsbacka
billig företagsstädning kungsbacka,företagsstädning,Kungsbacka,billig,Modified Service,Transactional,Medium,Landing page: billig företagsstädning Kungsbacka
bästa företagsstädning kungsbacka,företagsstädning,Kungsbacka,bästa,Modified Service,Transactional,Medium-High,Landing page: bästa företagsstädning Kungsbacka
företagsstädning företag kungsbacka,företagsstädning,Kungsbacka,företag,Business Service,Transactional,Medium,Landing page: företag företagsstädning Kungsbacka
företagsstädning nära kungsbacka,företagsstädning,Kungsbacka,nära,Near Me,Transactional,Medium,Landing page: nära företagsstädning Kungsbacka
professionell företagsstädning kungsbacka,företagsstädning,Kungsbacka,professionell,Modified Service,Transactional,Medium,Landing page: professionell företagsstädning Kungsbacka
hemstädning kungsbacka,hemstädning,Kungsbacka,None,Local Service,Commercial,Medium-High,Service page for hemstädning in Kungsbacka
billig hemstädning kungsbacka,hemstädning,Kungsbacka,billig,Modified Service,Commercial,Medium,Landing page: billig hemstädning Kungsbacka
bästa hemstädning kungsbacka,hemstädning,Kungsbacka,bästa,Modified Service,Commercial,Medium-High,Landing page: bästa hemstädning Kungsbacka
hemstädning företag kungsbacka,hemstädning,Kungsbacka,företag,Business Service,Commercial,Medium,Landing page: företag hemstädning Kungsbacka
hemstädning nära kungsbacka,hemstädning,Kungsbacka,nära,Near Me,Commercial,Medium,Landing page: nära hemstädning Kungsbacka
professionell hemstädning kungsbacka,hemstädning,Kungsbacka,professionell,Modified Service,Commercial,Medium,Landing page: professionell hemstädning Kungsbacka
kontorsstädning kungsbacka,kontorsstädning,Kungsbacka,None,Local Service,Commercial,Medium-High,Service page for kontorsstädning in Kungsbacka
billig kontorsstädning kungsbacka,kontorsstädning,Kungsbacka,billig,Modified Service,Commercial,Medium,Landing page: billig kontorsstädning Kungsbacka
bästa kontorsstädning kungsbacka,kontorsstädning,Kungsbacka,bästa,Modified Service,Commercial,Medium-High,Landing page: bästa kontorsstädning Kungsbacka
kontorsstädning företag kungsbacka,kontorsstädning,Kungsbacka,företag,Business Service,Commercial,Medium,Landing page: företag kontorsstädning Kungsbacka
kontorsstädning nära kungsbacka,kontorsstädning,Kungsbacka,nära,Near Me,Commercial,Medium,Landing page: nära kontorsstädning Kungsbacka
professionell kontorsstädning kungsbacka,kontorsstädning,Kungsbacka,professionell,Modified Service,Commercial,Medium,Landing page: professionell kontorsstädning Kungsbacka
fönsterputs kungälv,fönsterputs,Kungälv,None,Local Service,Transactional,Low-Medium,Service page for fönsterputs in Kungälv
billig fönsterputs kungälv,fönsterputs,Kungälv,billig,Modified Service,Transactional,Low,Landing page: billig fönsterputs Kungälv
bästa fönsterputs kungälv,fönsterputs,Kungälv,bästa,Modified Service,Transactional,Low-Medium,Landing page: bästa fönsterputs Kungälv
fönsterputs företag kungälv,fönsterputs,Kungälv,företag,Business Service,Transactional,Low,Landing page: företag fönsterputs Kungälv
fönsterputs nära kungälv,fönsterputs,Kungälv,nära,Near Me,Transactional,Low,Landing page: nära fönsterputs Kungälv
professionell fönsterputs kungälv,fönsterputs,Kungälv,professionell,Modified Service,Transactional,Low,Landing page: professionell fönsterputs Kungälv
fönsterputsare kungälv,fönsterputsare,Kungälv,None,Local Service,Transactional,Low-Medium,Service page for fönsterputsare in Kungälv
billig fönsterputsare kungälv,fönsterputsare,Kungälv,billig,Modified Service,Transactional,Low,Landing page: billig fönsterputsare Kungälv
bästa fönsterputsare kungälv,fönsterputsare,Kungälv,bästa,Modified Service,Transactional,Low-Medium,Landing page: bästa fönsterputsare Kungälv
fönsterputsare företag kungälv,fönsterputsare,Kungälv,företag,Business Service,Transactional,Low,Landing page: företag fönsterputsare Kungälv
fönsterputsare nära kungälv,fönsterputsare,Kungälv,nära,Near Me,Transactional,Low,Landing page: nära fönsterputsare Kungälv
professionell fönsterputsare kungälv,fönsterputsare,Kungälv,professionell,Modified Service,Transactional,Low,Landing page: professionell fönsterputsare Kungälv
fönsterputsning kungälv,fönsterputsning,Kungälv,None,Local Service,Transactional,Low-Medium,Service page for fönsterputsning in Kungälv
billig fönsterputsning kungälv,fönsterputsning,Kungälv,billig,Modified Service,Transactional,Low,Landing page: billig fönsterputsning Kungälv
bästa fönsterputsning kungälv,fönsterputsning,Kungälv,bästa,Modified Service,Transactional,Low-Medium,Landing page: bästa fönsterputsning Kungälv
fönsterputsning företag kungälv,fönsterputsning,Kungälv,företag,Business Service,Transactional,Low,Landing page: företag fönsterputsning Kungälv
fönsterputsning nära kungälv,fönsterputsning,Kungälv,nära,Near Me,Transactional,Low,Landing page: nära fönsterputsning Kungälv
professionell fönsterputsning kungälv,fönsterputsning,Kungälv,professionell,Modified Service,Transactional,Low,Landing page: professionell fönsterputsning Kungälv
fönsterrengöring kungälv,fönsterrengöring,Kungälv,None,Local Service,Transactional,Low-Medium,Service page for fönsterrengöring in Kungälv
billig fönsterrengöring kungälv,fönsterrengöring,Kungälv,billig,Modified Service,Transactional,Low,Landing page: billig fönsterrengöring Kungälv
bästa fönsterrengöring kungälv,fönsterrengöring,Kungälv,bästa,Modified Service,Transactional,Low-Medium,Landing page: bästa fönsterrengöring Kungälv
fönsterrengöring företag kungälv,fönsterrengöring,Kungälv,företag,Business Service,Transactional,Low,Landing page: företag fönsterrengöring Kungälv
fönsterrengöring nära kungälv,fönsterrengöring,Kungälv,nära,Near Me,Transactional,Low,Landing page: nära fönsterrengöring Kungälv
professionell fönsterrengöring kungälv,fönsterrengöring,Kungälv,professionell,Modified Service,Transactional,Low,Landing page: professionell fönsterrengöring Kungälv
företagsstädning kungälv,företagsstädning,Kungälv,None,Local Service,Transactional,Low-Medium,Service page for företagsstädning in Kungälv
billig företagsstädning kungälv,företagsstädning,Kungälv,billig,Modified Service,Transactional,Low,Landing page: billig företagsstädning Kungälv
bästa företagsstädning kungälv,företagsstädning,Kungälv,bästa,Modified Service,Transactional,Low-Medium,Landing page: bästa företagsstädning Kungälv
företagsstädning företag kungälv,företagsstädning,Kungälv,företag,Business Service,Transactional,Low,Landing page: företag företagsstädning Kungälv
företagsstädning nära kungälv,företagsstädning,Kungälv,nära,Near Me,Transactional,Low,Landing page: nära företagsstädning Kungälv
professionell företagsstädning kungälv,företagsstädning,Kungälv,professionell,Modified Service,Transactional,Low,Landing page: professionell företagsstädning Kungälv
hemstädning kungälv,hemstädning,Kungälv,None,Local Service,Commercial,Low-Medium,Service page for hemstädning in Kungälv
billig hemstädning kungälv,hemstädning,Kungälv,billig,Modified Service,Commercial,Low,Landing page: billig hemstädning Kungälv
bästa hemstädning kungälv,hemstädning,Kungälv,bästa,Modified Service,Commercial,Low-Medium,Landing page: bästa hemstädning Kungälv
hemstädning företag kungälv,hemstädning,Kungälv,företag,Business Service,Commercial,Low,Landing page: företag hemstädning Kungälv
hemstädning nära kungälv,hemstädning,Kungälv,nära,Near Me,Commercial,Low,Landing page: nära hemstädning Kungälv
professionell hemstädning kungälv,hemstädning,Kungälv,professionell,Modified Service,Commercial,Low,Landing page: professionell hemstädning Kungälv
kontorsstädning kungälv,kontorsstädning,Kungälv,None,Local Service,Commercial,Low-Medium,Service page for kontorsstädning in Kungälv
billig kontorsstädning kungälv,kontorsstädning,Kungälv,billig,Modified Service,Commercial,Low,Landing page: billig kontorsstädning Kungälv
bästa kontorsstädning kungälv,kontorsstädning,Kungälv,bästa,Modified Service,Commercial,Low-Medium,Landing page: bästa kontorsstädning Kungälv
kontorsstädning företag kungälv,kontorsstädning,Kungälv,företag,Business Service,Commercial,Low,Landing page: företag kontorsstädning Kungälv
kontorsstädning nära kungälv,kontorsstädning,Kungälv,nära,Near Me,Commercial,Low,Landing page: nära kontorsstädning Kungälv
professionell kontorsstädning kungälv,kontorsstädning,Kungälv,professionell,Modified Service,Commercial,Low,Landing page: professionell kontorsstädning Kungälv
fönsterputs mölndal,fönsterputs,Mölndal,None,Local Service,Transactional,Medium-High,Service page for fönsterputs in Mölndal
billig fönsterputs mölndal,fönsterputs,Mölndal,billig,Modified Service,Transactional,Medium,Landing page: billig fönsterputs Mölndal
bästa fönsterputs mölndal,fönsterputs,Mölndal,bästa,Modified Service,Transactional,Medium-High,Landing page: bästa fönsterputs Mölndal
fönsterputs företag mölndal,fönsterputs,Mölndal,företag,Business Service,Transactional,Medium,Landing page: företag fönsterputs Mölndal
fönsterputs nära mölndal,fönsterputs,Mölndal,nära,Near Me,Transactional,Medium,Landing page: nära fönsterputs Mölndal
professionell fönsterputs mölndal,fönsterputs,Mölndal,professionell,Modified Service,Transactional,Medium,Landing page: professionell fönsterputs Mölndal
fönsterputsare mölndal,fönsterputsare,Mölndal,None,Local Service,Transactional,Medium-High,Service page for fönsterputsare in Mölndal
billig fönsterputsare mölndal,fönsterputsare,Mölndal,billig,Modified Service,Transactional,Medium,Landing page: billig fönsterputsare Mölndal
bästa fönsterputsare mölndal,fönsterputsare,Mölndal,bästa,Modified Service,Transactional,Medium-High,Landing page: bästa fönsterputsare Mölndal
fönsterputsare företag mölndal,fönsterputsare,Mölndal,företag,Business Service,Transactional,Medium,Landing page: företag fönsterputsare Mölndal
fönsterputsare nära mölndal,fönsterputsare,Mölndal,nära,Near Me,Transactional,Medium,Landing page: nära fönsterputsare Mölndal
professionell fönsterputsare mölndal,fönsterputsare,Mölndal,professionell,Modified Service,Transactional,Medium,Landing page: professionell fönsterputsare Mölndal
fönsterputsning mölndal,fönsterputsning,Mölndal,None,Local Service,Transactional,Medium-High,Service page for fönsterputsning in Mölndal
billig fönsterputsning mölndal,fönsterputsning,Mölndal,billig,Modified Service,Transactional,Medium,Landing page: billig fönsterputsning Mölndal
bästa fönsterputsning mölndal,fönsterputsning,Mölndal,bästa,Modified Service,Transactional,Medium-High,Landing page: bästa fönsterputsning Mölndal
fönsterputsning företag mölndal,fönsterputsning,Mölndal,företag,Business Service,Transactional,Medium,Landing page: företag fönsterputsning Mölndal
fönsterputsning nära mölndal,fönsterputsning,Mölndal,nära,Near Me,Transactional,Medium,Landing page: nära fönsterputsning Mölndal
professionell fönsterputsning mölndal,fönsterputsning,Mölndal,professionell,Modified Service,Transactional,Medium,Landing page: professionell fönsterputsning Mölndal
fönsterrengöring mölndal,fönsterrengöring,Mölndal,None,Local Service,Transactional,Medium-High,Service page for fönsterrengöring in Mölndal
billig fönsterrengöring mölndal,fönsterrengöring,Mölndal,billig,Modified Service,Transactional,Medium,Landing page: billig fönsterrengöring Mölndal
bästa fönsterrengöring mölndal,fönsterrengöring,Mölndal,bästa,Modified Service,Transactional,Medium-High,Landing page: bästa fönsterrengöring Mölndal
fönsterrengöring företag mölndal,fönsterrengöring,Mölndal,företag,Business Service,Transactional,Medium,Landing page: företag fönsterrengöring Mölndal
fönsterrengöring nära mölndal,fönsterrengöring,Mölndal,nära,Near Me,Transactional,Medium,Landing page: nära fönsterrengöring Mölndal
professionell fönsterrengöring mölndal,fönsterrengöring,Mölndal,professionell,Modified Service,Transactional,Medium,Landing page: professionell fönsterrengöring Mölndal
företagsstädning mölndal,företagsstädning,Mölndal,None,Local Service,Transactional,Medium-High,Service page for företagsstädning in Mölndal
billig företagsstädning mölndal,företagsstädning,Mölndal,billig,Modified Service,Transactional,Medium,Landing page: billig företagsstädning Mölndal
bästa företagsstädning mölndal,företagsstädning,Mölndal,bästa,Modified Service,Transactional,Medium-High,Landing page: bästa företagsstädning Mölndal
företagsstädning företag mölndal,företagsstädning,Mölndal,företag,Business Service,Transactional,Medium,Landing page: företag företagsstädning Mölndal
företagsstädning nära mölndal,företagsstädning,Mölndal,nära,Near Me,Transactional,Medium,Landing page: nära företagsstädning Mölndal
professionell företagsstädning mölndal,företagsstädning,Mölndal,professionell,Modified Service,Transactional,Medium,Landing page: professionell företagsstädning Mölndal
hemstädning mölndal,hemstädning,Mölndal,None,Local Service,Commercial,Medium-High,Service page for hemstädning in Mölndal
billig hemstädning mölndal,hemstädning,Mölndal,billig,Modified Service,Commercial,Medium,Landing page: billig hemstädning Mölndal
bästa hemstädning mölndal,hemstädning,Mölndal,bästa,Modified Service,Commercial,Medium-High,Landing page: bästa hemstädning Mölndal
hemstädning företag mölndal,hemstädning,Mölndal,företag,Business Service,Commercial,Medium,Landing page: företag hemstädning Mölndal
hemstädning nära mölndal,hemstädning,Mölndal,nära,Near Me,Commercial,Medium,Landing page: nära hemstädning Mölndal
professionell hemstädning mölndal,hemstädning,Mölndal,professionell,Modified Service,Commercial,Medium,Landing page: professionell hemstädning Mölndal
kontorsstädning mölndal,kontorsstädning,Mölndal,None,Local Service,Commercial,Medium-High,Service page for kontorsstädning in Mölndal
billig kontorsstädning mölndal,kontorsstädning,Mölndal,billig,Modified Service,Commercial,Medium,Landing page: billig kontorsstädning Mölndal
bästa kontorsstädning mölndal,kontorsstädning,Mölndal,bästa,Modified Service,Commercial,Medium-High,Landing page: bästa kontorsstädning Mölndal
kontorsstädning företag mölndal,kontorsstädning,Mölndal,företag,Business Service,Commercial,Medium,Landing page: företag kontorsstädning Mölndal
kontorsstädning nära mölndal,kontorsstädning,Mölndal,nära,Near Me,Commercial,Medium,Landing page: nära kontorsstädning Mölndal
professionell kontorsstädning mölndal,kontorsstädning,Mölndal,professionell,Modified Service,Commercial,Medium,Landing page: professionell kontorsstädning Mölndal
fönsterputs särö,fönsterputs,Särö,None,Local Service,Transactional,Low-Medium,Service page for fönsterputs in Särö
billig fönsterputs särö,fönsterputs,Särö,billig,Modified Service,Transactional,Low,Landing page: billig fönsterputs Särö
bästa fönsterputs särö,fönsterputs,Särö,bästa,Modified Service,Transactional,Low-Medium,Landing page: bästa fönsterputs Särö
fönsterputs företag särö,fönsterputs,Särö,företag,Business Service,Transactional,Low,Landing page: företag fönsterputs Särö
fönsterputs nära särö,fönsterputs,Särö,nära,Near Me,Transactional,Low,Landing page: nära fönsterputs Särö
professionell fönsterputs särö,fönsterputs,Särö,professionell,Modified Service,Transactional,Low,Landing page: professionell fönsterputs Särö
fönsterputsare särö,fönsterputsare,Särö,None,Local Service,Transactional,Low-Medium,Service page for fönsterputsare in Särö
billig fönsterputsare särö,fönsterputsare,Särö,billig,Modified Service,Transactional,Low,Landing page: billig fönsterputsare Särö
bästa fönsterputsare särö,fönsterputsare,Särö,bästa,Modified Service,Transactional,Low-Medium,Landing page: bästa fönsterputsare Särö
fönsterputsare företag särö,fönsterputsare,Särö,företag,Business Service,Transactional,Low,Landing page: företag fönsterputsare Särö
fönsterputsare nära särö,fönsterputsare,Särö,nära,Near Me,Transactional,Low,Landing page: nära fönsterputsare Särö
professionell fönsterputsare särö,fönsterputsare,Särö,professionell,Modified Service,Transactional,Low,Landing page: professionell fönsterputsare Särö
fönsterputsning särö,fönsterputsning,Särö,None,Local Service,Transactional,Low-Medium,Service page for fönsterputsning in Särö
billig fönsterputsning särö,fönsterputsning,Särö,billig,Modified Service,Transactional,Low,Landing page: billig fönsterputsning Särö
bästa fönsterputsning särö,fönsterputsning,Särö,bästa,Modified Service,Transactional,Low-Medium,Landing page: bästa fönsterputsning Särö
fönsterputsning företag särö,fönsterputsning,Särö,företag,Business Service,Transactional,Low,Landing page: företag fönsterputsning Särö
fönsterputsning nära särö,fönsterputsning,Särö,nära,Near Me,Transactional,Low,Landing page: nära fönsterputsning Särö
professionell fönsterputsning särö,fönsterputsning,Särö,professionell,Modified Service,Transactional,Low,Landing page: professionell fönsterputsning Särö
fönsterrengöring särö,fönsterrengöring,Särö,None,Local Service,Transactional,Low-Medium,Service page for fönsterrengöring in Särö
billig fönsterrengöring särö,fönsterrengöring,Särö,billig,Modified Service,Transactional,Low,Landing page: billig fönsterrengöring Särö
bästa fönsterrengöring särö,fönsterrengöring,Särö,bästa,Modified Service,Transactional,Low-Medium,Landing page: bästa fönsterrengöring Särö
fönsterrengöring företag särö,fönsterrengöring,Särö,företag,Business Service,Transactional,Low,Landing page: företag fönsterrengöring Särö
fönsterrengöring nära särö,fönsterrengöring,Särö,nära,Near Me,Transactional,Low,Landing page: nära fönsterrengöring Särö
professionell fönsterrengöring särö,fönsterrengöring,Särö,professionell,Modified Service,Transactional,Low,Landing page: professionell fönsterrengöring Särö
företagsstädning särö,företagsstädning,Särö,None,Local Service,Transactional,Low-Medium,Service page for företagsstädning in Särö
billig företagsstädning särö,företagsstädning,Särö,billig,Modified Service,Transactional,Low,Landing page: billig företagsstädning Särö
bästa företagsstädning särö,företagsstädning,Särö,bästa,Modified Service,Transactional,Low-Medium,Landing page: bästa företagsstädning Särö
företagsstädning företag särö,företagsstädning,Särö,företag,Business Service,Transactional,Low,Landing page: företag företagsstädning Särö
företagsstädning nära särö,företagsstädning,Särö,nära,Near Me,Transactional,Low,Landing page: nära företagsstädning Särö
professionell företagsstädning särö,företagsstädning,Särö,professionell,Modified Service,Transactional,Low,Landing page: professionell företagsstädning Särö
hemstädning särö,hemstädning,Särö,None,Local Service,Commercial,Low-Medium,Service page for hemstädning in Särö
billig hemstädning särö,hemstädning,Särö,billig,Modified Service,Commercial,Low,Landing page: billig hemstädning Särö
bästa hemstädning särö,hemstädning,Särö,bästa,Modified Service,Commercial,Low-Medium,Landing page: bästa hemstädning Särö
hemstädning företag särö,hemstädning,Särö,företag,Business Service,Commercial,Low,Landing page: företag hemstädning Särö
hemstädning nära särö,hemstädning,Särö,nära,Near Me,Commercial,Low,Landing page: nära hemstädning Särö
professionell hemstädning särö,hemstädning,Särö,professionell,Modified Service,Commercial,Low,Landing page: professionell hemstädning Särö
kontorsstädning särö,kontorsstädning,Särö,None,Local Service,Commercial,Low-Medium,Service page for kontorsstädning in Särö
billig kontorsstädning särö,kontorsstädning,Särö,billig,Modified Service,Commercial,Low,Landing page: billig kontorsstädning Särö
bästa kontorsstädning särö,kontorsstädning,Särö,bästa,Modified Service,Commercial,Low-Medium,Landing page: bästa kontorsstädning Särö
kontorsstädning företag särö,kontorsstädning,Särö,företag,Business Service,Commercial,Low,Landing page: företag kontorsstädning Särö
kontorsstädning nära särö,kontorsstädning,Särö,nära,Near Me,Commercial,Low,Landing page: nära kontorsstädning Särö
professionell kontorsstädning särö,kontorsstädning,Särö,professionell,Modified Service,Commercial,Low,Landing page: professionell kontorsstädning Särö
fönsterputs torslanda,fönsterputs,Torslanda,None,Local Service,Transactional,Low-Medium,Service page for fönsterputs in Torslanda
billig fönsterputs torslanda,fönsterputs,Torslanda,billig,Modified Service,Transactional,Low,Landing page: billig fönsterputs Torslanda
bästa fönsterputs torslanda,fönsterputs,Torslanda,bästa,Modified Service,Transactional,Low-Medium,Landing page: bästa fönsterputs Torslanda
fönsterputs företag torslanda,fönsterputs,Torslanda,företag,Business Service,Transactional,Low,Landing page: företag fönsterputs Torslanda
fönsterputs nära torslanda,fönsterputs,Torslanda,nära,Near Me,Transactional,Low,Landing page: nära fönsterputs Torslanda
professionell fönsterputs torslanda,fönsterputs,Torslanda,professionell,Modified Service,Transactional,Low,Landing page: professionell fönsterputs Torslanda
fönsterputsare torslanda,fönsterputsare,Torslanda,None,Local Service,Transactional,Low-Medium,Service page for fönsterputsare in Torslanda
billig fönsterputsare torslanda,fönsterputsare,Torslanda,billig,Modified Service,Transactional,Low,Landing page: billig fönsterputsare Torslanda
bästa fönsterputsare torslanda,fönsterputsare,Torslanda,bästa,Modified Service,Transactional,Low-Medium,Landing page: bästa fönsterputsare Torslanda
fönsterputsare företag torslanda,fönsterputsare,Torslanda,företag,Business Service,Transactional,Low,Landing page: företag fönsterputsare Torslanda
fönsterputsare nära torslanda,fönsterputsare,Torslanda,nära,Near Me,Transactional,Low,Landing page: nära fönsterputsare Torslanda
professionell fönsterputsare torslanda,fönsterputsare,Torslanda,professionell,Modified Service,Transactional,Low,Landing page: professionell fönsterputsare Torslanda
fönsterputsning torslanda,fönsterputsning,Torslanda,None,Local Service,Transactional,Low-Medium,Service page for fönsterputsning in Torslanda
billig fönsterputsning torslanda,fönsterputsning,Torslanda,billig,Modified Service,Transactional,Low,Landing page: billig fönsterputsning Torslanda
bästa fönsterputsning torslanda,fönsterputsning,Torslanda,bästa,Modified Service,Transactional,Low-Medium,Landing page: bästa fönsterputsning Torslanda
fönsterputsning företag torslanda,fönsterputsning,Torslanda,företag,Business Service,Transactional,Low,Landing page: företag fönsterputsning Torslanda
fönsterputsning nära torslanda,fönsterputsning,Torslanda,nära,Near Me,Transactional,Low,Landing page: nära fönsterputsning Torslanda
professionell fönsterputsning torslanda,fönsterputsning,Torslanda,professionell,Modified Service,Transactional,Low,Landing page: professionell fönsterputsning Torslanda
fönsterrengöring torslanda,fönsterrengöring,Torslanda,None,Local Service,Transactional,Low-Medium,Service page for fönsterrengöring in Torslanda
billig fönsterrengöring torslanda,fönsterrengöring,Torslanda,billig,Modified Service,Transactional,Low,Landing page: billig fönsterrengöring Torslanda
bästa fönsterrengöring torslanda,fönsterrengöring,Torslanda,bästa,Modified Service,Transactional,Low-Medium,Landing page: bästa fönsterrengöring Torslanda
fönsterrengöring företag torslanda,fönsterrengöring,Torslanda,företag,Business Service,Transactional,Low,Landing page: företag fönsterrengöring Torslanda
fönsterrengöring nära torslanda,fönsterrengöring,Torslanda,nära,Near Me,Transactional,Low,Landing page: nära fönsterrengöring Torslanda
professionell fönsterrengöring torslanda,fönsterrengöring,Torslanda,professionell,Modified Service,Transactional,Low,Landing page: professionell fönsterrengöring Torslanda
företagsstädning torslanda,företagsstädning,Torslanda,None,Local Service,Transactional,Low-Medium,Service page for företagsstädning in Torslanda
billig företagsstädning torslanda,företagsstädning,Torslanda,billig,Modified Service,Transactional,Low,Landing page: billig företagsstädning Torslanda
bästa företagsstädning torslanda,företagsstädning,Torslanda,bästa,Modified Service,Transactional,Low-Medium,Landing page: bästa företagsstädning Torslanda
företagsstädning företag torslanda,företagsstädning,Torslanda,företag,Business Service,Transactional,Low,Landing page: företag företagsstädning Torslanda
företagsstädning nära torslanda,företagsstädning,Torslanda,nära,Near Me,Transactional,Low,Landing page: nära företagsstädning Torslanda
professionell företagsstädning torslanda,företagsstädning,Torslanda,professionell,Modified Service,Transactional,Low,Landing page: professionell företagsstädning Torslanda
hemstädning torslanda,hemstädning,Torslanda,None,Local Service,Commercial,Low-Medium,Service page for hemstädning in Torslanda
billig hemstädning torslanda,hemstädning,Torslanda,billig,Modified Service,Commercial,Low,Landing page: billig hemstädning Torslanda
bästa hemstädning torslanda,hemstädning,Torslanda,bästa,Modified Service,Commercial,Low-Medium,Landing page: bästa hemstädning Torslanda
hemstädning företag torslanda,hemstädning,Torslanda,företag,Business Service,Commercial,Low,Landing page: företag hemstädning Torslanda
hemstädning nära torslanda,hemstädning,Torslanda,nära,Near Me,Commercial,Low,Landing page: nära hemstädning Torslanda
professionell hemstädning torslanda,hemstädning,Torslanda,professionell,Modified Service,Commercial,Low,Landing page: professionell hemstädning Torslanda
kontorsstädning torslanda,kontorsstädning,Torslanda,None,Local Service,Commercial,Low-Medium,Service page for kontorsstädning in Torslanda
billig kontorsstädning torslanda,kontorsstädning,Torslanda,billig,Modified Service,Commercial,Low,Landing page: billig kontorsstädning Torslanda
bästa kontorsstädning torslanda,kontorsstädning,Torslanda,bästa,Modified Service,Commercial,Low-Medium,Landing page: bästa kontorsstädning Torslanda
kontorsstädning företag torslanda,kontorsstädning,Torslanda,företag,Business Service,Commercial,Low,Landing page: företag kontorsstädning Torslanda
kontorsstädning nära torslanda,kontorsstädning,Torslanda,nära,Near Me,Commercial,Low,Landing page: nära kontorsstädning Torslanda
professionell kontorsstädning torslanda,kontorsstädning,Torslanda,professionell,Modified Service,Commercial,Low,Landing page: professionell kontorsstädning Torslanda
fönsterputs varberg,fönsterputs,Varberg,None,Local Service,Transactional,Low-Medium,Service page for fönsterputs in Varberg
billig fönsterputs varberg,fönsterputs,Varberg,billig,Modified Service,Transactional,Low,Landing page: billig fönsterputs Varberg
bästa fönsterputs varberg,fönsterputs,Varberg,bästa,Modified Service,Transactional,Low-Medium,Landing page: bästa fönsterputs Varberg
fönsterputs företag varberg,fönsterputs,Varberg,företag,Business Service,Transactional,Low,Landing page: företag fönsterputs Varberg
fönsterputs nära varberg,fönsterputs,Varberg,nära,Near Me,Transactional,Low,Landing page: nära fönsterputs Varberg
professionell fönsterputs varberg,fönsterputs,Varberg,professionell,Modified Service,Transactional,Low,Landing page: professionell fönsterputs Varberg
fönsterputsare varberg,fönsterputsare,Varberg,None,Local Service,Transactional,Low-Medium,Service page for fönsterputsare in Varberg
billig fönsterputsare varberg,fönsterputsare,Varberg,billig,Modified Service,Transactional,Low,Landing page: billig fönsterputsare Varberg
bästa fönsterputsare varberg,fönsterputsare,Varberg,bästa,Modified Service,Transactional,Low-Medium,Landing page: bästa fönsterputsare Varberg
fönsterputsare företag varberg,fönsterputsare,Varberg,företag,Business Service,Transactional,Low,Landing page: företag fönsterputsare Varberg
fönsterputsare nära varberg,fönsterputsare,Varberg,nära,Near Me,Transactional,Low,Landing page: nära fönsterputsare Varberg
professionell fönsterputsare varberg,fönsterputsare,Varberg,professionell,Modified Service,Transactional,Low,Landing page: professionell fönsterputsare Varberg
fönsterputsning varberg,fönsterputsning,Varberg,None,Local Service,Transactional,Low-Medium,Service page for fönsterputsning in Varberg
billig fönsterputsning varberg,fönsterputsning,Varberg,billig,Modified Service,Transactional,Low,Landing page: billig fönsterputsning Varberg
bästa fönsterputsning varberg,fönsterputsning,Varberg,bästa,Modified Service,Transactional,Low-Medium,Landing page: bästa fönsterputsning Varberg
fönsterputsning företag varberg,fönsterputsning,Varberg,företag,Business Service,Transactional,Low,Landing page: företag fönsterputsning Varberg
fönsterputsning nära varberg,fönsterputsning,Varberg,nära,Near Me,Transactional,Low,Landing page: nära fönsterputsning Varberg
professionell fönsterputsning varberg,fönsterputsning,Varberg,professionell,Modified Service,Transactional,Low,Landing page: professionell fönsterputsning Varberg
fönsterrengöring varberg,fönsterrengöring,Varberg,None,Local Service,Transactional,Low-Medium,Service page for fönsterrengöring in Varberg
billig fönsterrengöring varberg,fönsterrengöring,Varberg,billig,Modified Service,Transactional,Low,Landing page: billig fönsterrengöring Varberg
bästa fönsterrengöring varberg,fönsterrengöring,Varberg,bästa,Modified Service,Transactional,Low-Medium,Landing page: bästa fönsterrengöring Varberg
fönsterrengöring företag varberg,fönsterrengöring,Varberg,företag,Business Service,Transactional,Low,Landing page: företag fönsterrengöring Varberg
fönsterrengöring nära varberg,fönsterrengöring,Varberg,nära,Near Me,Transactional,Low,Landing page: nära fönsterrengöring Varberg
professionell fönsterrengöring varberg,fönsterrengöring,Varberg,professionell,Modified Service,Transactional,Low,Landing page: professionell fönsterrengöring Varberg
företagsstädning varberg,företagsstädning,Varberg,None,Local Service,Transactional,Low-Medium,Service page for företagsstädning in Varberg
billig företagsstädning varberg,företagsstädning,Varberg,billig,Modified Service,Transactional,Low,Landing page: billig företagsstädning Varberg
bästa företagsstädning varberg,företagsstädning,Varberg,bästa,Modified Service,Transactional,Low-Medium,Landing page: bästa företagsstädning Varberg
företagsstädning företag varberg,företagsstädning,Varberg,företag,Business Service,Transactional,Low,Landing page: företag företagsstädning Varberg
företagsstädning nära varberg,företagsstädning,Varberg,nära,Near Me,Transactional,Low,Landing page: nära företagsstädning Varberg
professionell företagsstädning varberg,företagsstädning,Varberg,professionell,Modified Service,Transactional,Low,Landing page: professionell företagsstädning Varberg
hemstädning varberg,hemstädning,Varberg,None,Local Service,Commercial,Low-Medium,Service page for hemstädning in Varberg
billig hemstädning varberg,hemstädning,Varberg,billig,Modified Service,Commercial,Low,Landing page: billig hemstädning Varberg
bästa hemstädning varberg,hemstädning,Varberg,bästa,Modified Service,Commercial,Low-Medium,Landing page: bästa hemstädning Varberg
hemstädning företag varberg,hemstädning,Varberg,företag,Business Service,Commercial,Low,Landing page: företag hemstädning Varberg
hemstädning nära varberg,hemstädning,Varberg,nära,Near Me,Commercial,Low,Landing page: nära hemstädning Varberg
professionell hemstädning varberg,hemstädning,Varberg,professionell,Modified Service,Commercial,Low,Landing page: professionell hemstädning Varberg
kontorsstädning varberg,kontorsstädning,Varberg,None,Local Service,Commercial,Low-Medium,Service page for kontorsstädning in Varberg
billig kontorsstädning varberg,kontorsstädning,Varberg,billig,Modified Service,Commercial,Low,Landing page: billig kontorsstädning Varberg
bästa kontorsstädning varberg,kontorsstädning,Varberg,bästa,Modified Service,Commercial,Low-Medium,Landing page: bästa kontorsstädning Varberg
kontorsstädning företag varberg,kontorsstädning,Varberg,företag,Business Service,Commercial,Low,Landing page: företag kontorsstädning Varberg
kontorsstädning nära varberg,kontorsstädning,Varberg,nära,Near Me,Commercial,Low,Landing page: nära kontorsstädning Varberg
professionell kontorsstädning varberg,kontorsstädning,Varberg,professionell,Modified Service,Commercial,Low,Landing page: professionell kontorsstädning Varberg
fönsterputs väröbacka,fönsterputs,Väröbacka,None,Local Service,Transactional,Low-Medium,Service page for fönsterputs in Väröbacka
billig fönsterputs väröbacka,fönsterputs,Väröbacka,billig,Modified Service,Transactional,Low,Landing page: billig fönsterputs Väröbacka
bästa fönsterputs väröbacka,fönsterputs,Väröbacka,bästa,Modified Service,Transactional,Low-Medium,Landing page: bästa fönsterputs Väröbacka
fönsterputs företag väröbacka,fönsterputs,Väröbacka,företag,Business Service,Transactional,Low,Landing page: företag fönsterputs Väröbacka
fönsterputs nära väröbacka,fönsterputs,Väröbacka,nära,Near Me,Transactional,Low,Landing page: nära fönsterputs Väröbacka
professionell fönsterputs väröbacka,fönsterputs,Väröbacka,professionell,Modified Service,Transactional,Low,Landing page: professionell fönsterputs Väröbacka
fönsterputsare väröbacka,fönsterputsare,Väröbacka,None,Local Service,Transactional,Low-Medium,Service page for fönsterputsare in Väröbacka
billig fönsterputsare väröbacka,fönsterputsare,Väröbacka,billig,Modified Service,Transactional,Low,Landing page: billig fönsterputsare Väröbacka
bästa fönsterputsare väröbacka,fönsterputsare,Väröbacka,bästa,Modified Service,Transactional,Low-Medium,Landing page: bästa fönsterputsare Väröbacka
fönsterputsare företag väröbacka,fönsterputsare,Väröbacka,företag,Business Service,Transactional,Low,Landing page: företag fönsterputsare Väröbacka
fönsterputsare nära väröbacka,fönsterputsare,Väröbacka,nära,Near Me,Transactional,Low,Landing page: nära fönsterputsare Väröbacka
professionell fönsterputsare väröbacka,fönsterputsare,Väröbacka,professionell,Modified Service,Transactional,Low,Landing page: professionell fönsterputsare Väröbacka
fönsterputsning väröbacka,fönsterputsning,Väröbacka,None,Local Service,Transactional,Low-Medium,Service page for fönsterputsning in Väröbacka
billig fönsterputsning väröbacka,fönsterputsning,Väröbacka,billig,Modified Service,Transactional,Low,Landing page: billig fönsterputsning Väröbacka
bästa fönsterputsning väröbacka,fönsterputsning,Väröbacka,bästa,Modified Service,Transactional,Low-Medium,Landing page: bästa fönsterputsning Väröbacka
fönsterputsning företag väröbacka,fönsterputsning,Väröbacka,företag,Business Service,Transactional,Low,Landing page: företag fönsterputsning Väröbacka
fönsterputsning nära väröbacka,fönsterputsning,Väröbacka,nära,Near Me,Transactional,Low,Landing page: nära fönsterputsning Väröbacka
professionell fönsterputsning väröbacka,fönsterputsning,Väröbacka,professionell,Modified Service,Transactional,Low,Landing page: professionell fönsterputsning Väröbacka
fönsterrengöring väröbacka,fönsterrengöring,Väröbacka,None,Local Service,Transactional,Low-Medium,Service page for fönsterrengöring in Väröbacka
billig fönsterrengöring väröbacka,fönsterrengöring,Väröbacka,billig,Modified Service,Transactional,Low,Landing page: billig fönsterrengöring Väröbacka
bästa fönsterrengöring väröbacka,fönsterrengöring,Väröbacka,bästa,Modified Service,Transactional,Low-Medium,Landing page: bästa fönsterrengöring Väröbacka
fönsterrengöring företag väröbacka,fönsterrengöring,Väröbacka,företag,Business Service,Transactional,Low,Landing page: företag fönsterrengöring Väröbacka
fönsterrengöring nära väröbacka,fönsterrengöring,Väröbacka,nära,Near Me,Transactional,Low,Landing page: nära fönsterrengöring Väröbacka
professionell fönsterrengöring väröbacka,fönsterrengöring,Väröbacka,professionell,Modified Service,Transactional,Low,Landing page: professionell fönsterrengöring Väröbacka
företagsstädning väröbacka,företagsstädning,Väröbacka,None,Local Service,Transactional,Low-Medium,Service page for företagsstädning in Väröbacka
billig företagsstädning väröbacka,företagsstädning,Väröbacka,billig,Modified Service,Transactional,Low,Landing page: billig företagsstädning Väröbacka
bästa företagsstädning väröbacka,företagsstädning,Väröbacka,bästa,Modified Service,Transactional,Low-Medium,Landing page: bästa företagsstädning Väröbacka
företagsstädning företag väröbacka,företagsstädning,Väröbacka,företag,Business Service,Transactional,Low,Landing page: företag företagsstädning Väröbacka
företagsstädning nära väröbacka,företagsstädning,Väröbacka,nära,Near Me,Transactional,Low,Landing page: nära företagsstädning Väröbacka
professionell företagsstädning väröbacka,företagsstädning,Väröbacka,professionell,Modified Service,Transactional,Low,Landing page: professionell företagsstädning Väröbacka
hemstädning väröbacka,hemstädning,Väröbacka,None,Local Service,Commercial,Low-Medium,Service page for hemstädning in Väröbacka
billig hemstädning väröbacka,hemstädning,Väröbacka,billig,Modified Service,Commercial,Low,Landing page: billig hemstädning Väröbacka
bästa hemstädning väröbacka,hemstädning,Väröbacka,bästa,Modified Service,Commercial,Low-Medium,Landing page: bästa hemstädning Väröbacka
hemstädning företag väröbacka,hemstädning,Väröbacka,företag,Business Service,Commercial,Low,Landing page: företag hemstädning Väröbacka
hemstädning nära väröbacka,hemstädning,Väröbacka,nära,Near Me,Commercial,Low,Landing page: nära hemstädning Väröbacka
professionell hemstädning väröbacka,hemstädning,Väröbacka,professionell,Modified Service,Commercial,Low,Landing page: professionell hemstädning Väröbacka
kontorsstädning väröbacka,kontorsstädning,Väröbacka,None,Local Service,Commercial,Low-Medium,Service page for kontorsstädning in Väröbacka
billig kontorsstädning väröbacka,kontorsstädning,Väröbacka,billig,Modified Service,Commercial,Low,Landing page: billig kontorsstädning Väröbacka
bästa kontorsstädning väröbacka,kontorsstädning,Väröbacka,bästa,Modified Service,Commercial,Low-Medium,Landing page: bästa kontorsstädning Väröbacka
kontorsstädning företag väröbacka,kontorsstädning,Väröbacka,företag,Business Service,Commercial,Low,Landing page: företag kontorsstädning Väröbacka
kontorsstädning nära väröbacka,kontorsstädning,Väröbacka,nära,Near Me,Commercial,Low,Landing page: nära kontorsstädning Väröbacka
professionell kontorsstädning väröbacka,kontorsstädning,Väröbacka,professionell,Modified Service,Commercial,Low,Landing page: professionell kontorsstädning Väröbacka
fönsterputs åsa,fönsterputs,Åsa,None,Local Service,Transactional,Low-Medium,Service page for fönsterputs in Åsa
billig fönsterputs åsa,fönsterputs,Åsa,billig,Modified Service,Transactional,Low,Landing page: billig fönsterputs Åsa
bästa fönsterputs åsa,fönsterputs,Åsa,bästa,Modified Service,Transactional,Low-Medium,Landing page: bästa fönsterputs Åsa
fönsterputs företag åsa,fönsterputs,Åsa,företag,Business Service,Transactional,Low,Landing page: företag fönsterputs Åsa
fönsterputs nära åsa,fönsterputs,Åsa,nära,Near Me,Transactional,Low,Landing page: nära fönsterputs Åsa
professionell fönsterputs åsa,fönsterputs,Åsa,professionell,Modified Service,Transactional,Low,Landing page: professionell fönsterputs Åsa
fönsterputsare åsa,fönsterputsare,Åsa,None,Local Service,Transactional,Low-Medium,Service page for fönsterputsare in Åsa
billig fönsterputsare åsa,fönsterputsare,Åsa,billig,Modified Service,Transactional,Low,Landing page: billig fönsterputsare Åsa
bästa fönsterputsare åsa,fönsterputsare,Åsa,bästa,Modified Service,Transactional,Low-Medium,Landing page: bästa fönsterputsare Åsa
fönsterputsare företag åsa,fönsterputsare,Åsa,företag,Business Service,Transactional,Low,Landing page: företag fönsterputsare Åsa
fönsterputsare nära åsa,fönsterputsare,Åsa,nära,Near Me,Transactional,Low,Landing page: nära fönsterputsare Åsa
professionell fönsterputsare åsa,fönsterputsare,Åsa,professionell,Modified Service,Transactional,Low,Landing page: professionell fönsterputsare Åsa
fönsterputsning åsa,fönsterputsning,Åsa,None,Local Service,Transactional,Low-Medium,Service page for fönsterputsning in Åsa
billig fönsterputsning åsa,fönsterputsning,Åsa,billig,Modified Service,Transactional,Low,Landing page: billig fönsterputsning Åsa
bästa fönsterputsning åsa,fönsterputsning,Åsa,bästa,Modified Service,Transactional,Low-Medium,Landing page: bästa fönsterputsning Åsa
fönsterputsning företag åsa,fönsterputsning,Åsa,företag,Business Service,Transactional,Low,Landing page: företag fönsterputsning Åsa
fönsterputsning nära åsa,fönsterputsning,Åsa,nära,Near Me,Transactional,Low,Landing page: nära fönsterputsning Åsa
professionell fönsterputsning åsa,fönsterputsning,Åsa,professionell,Modified Service,Transactional,Low,Landing page: professionell fönsterputsning Åsa
fönsterrengöring åsa,fönsterrengöring,Åsa,None,Local Service,Transactional,Low-Medium,Service page for fönsterrengöring in Åsa
billig fönsterrengöring åsa,fönsterrengöring,Åsa,billig,Modified Service,Transactional,Low,Landing page: billig fönsterrengöring Åsa
bästa fönsterrengöring åsa,fönsterrengöring,Åsa,bästa,Modified Service,Transactional,Low-Medium,Landing page: bästa fönsterrengöring Åsa
fönsterrengöring företag åsa,fönsterrengöring,Åsa,företag,Business Service,Transactional,Low,Landing page: företag fönsterrengöring Åsa
fönsterrengöring nära åsa,fönsterrengöring,Åsa,nära,Near Me,Transactional,Low,Landing page: nära fönsterrengöring Åsa
professionell fönsterrengöring åsa,fönsterrengöring,Åsa,professionell,Modified Service,Transactional,Low,Landing page: professionell fönsterrengöring Åsa
företagsstädning åsa,företagsstädning,Åsa,None,Local Service,Transactional,Low-Medium,Service page for företagsstädning in Åsa
billig företagsstädning åsa,företagsstädning,Åsa,billig,Modified Service,Transactional,Low,Landing page: billig företagsstädning Åsa
bästa företagsstädning åsa,företagsstädning,Åsa,bästa,Modified Service,Transactional,Low-Medium,Landing page: bästa företagsstädning Åsa
företagsstädning företag åsa,företagsstädning,Åsa,företag,Business Service,Transactional,Low,Landing page: företag företagsstädning Åsa
företagsstädning nära åsa,företagsstädning,Åsa,nära,Near Me,Transactional,Low,Landing page: nära företagsstädning Åsa
professionell företagsstädning åsa,företagsstädning,Åsa,professionell,Modified Service,Transactional,Low,Landing page: professionell företagsstädning Åsa
hemstädning åsa,hemstädning,Åsa,None,Local Service,Commercial,Low-Medium,Service page for hemstädning in Åsa
billig hemstädning åsa,hemstädning,Åsa,billig,Modified Service,Commercial,Low,Landing page: billig hemstädning Åsa
bästa hemstädning åsa,hemstädning,Åsa,bästa,Modified Service,Commercial,Low-Medium,Landing page: bästa hemstädning Åsa
hemstädning företag åsa,hemstädning,Åsa,företag,Business Service,Commercial,Low,Landing page: företag hemstädning Åsa
hemstädning nära åsa,hemstädning,Åsa,nära,Near Me,Commercial,Low,Landing page: nära hemstädning Åsa
professionell hemstädning åsa,hemstädning,Åsa,professionell,Modified Service,Commercial,Low,Landing page: professionell hemstädning Åsa
kontorsstädning åsa,kontorsstädning,Åsa,None,Local Service,Commercial,Low-Medium,Service page for kontorsstädning in Åsa
billig kontorsstädning åsa,kontorsstädning,Åsa,billig,Modified Service,Commercial,Low,Landing page: billig kontorsstädning Åsa
bästa kontorsstädning åsa,kontorsstädning,Åsa,bästa,Modified Service,Commercial,Low-Medium,Landing page: bästa kontorsstädning Åsa
kontorsstädning företag åsa,kontorsstädning,Åsa,företag,Business Service,Commercial,Low,Landing page: företag kontorsstädning Åsa
kontorsstädning nära åsa,kontorsstädning,Åsa,nära,Near Me,Commercial,Low,Landing page: nära kontorsstädning Åsa
professionell kontorsstädning åsa,kontorsstädning,Åsa,professionell,Modified Service,Commercial,Low,Landing page: professionell kontorsstädning Åsa
fönsterputs åskloster,fönsterputs,Åskloster,None,Local Service,Transactional,Low-Medium,Service page for fönsterputs in Åskloster
billig fönsterputs åskloster,fönsterputs,Åskloster,billig,Modified Service,Transactional,Low,Landing page: billig fönsterputs Åskloster
bästa fönsterputs åskloster,fönsterputs,Åskloster,bästa,Modified Service,Transactional,Low-Medium,Landing page: bästa fönsterputs Åskloster
fönsterputs företag åskloster,fönsterputs,Åskloster,företag,Business Service,Transactional,Low,Landing page: företag fönsterputs Åskloster
fönsterputs nära åskloster,fönsterputs,Åskloster,nära,Near Me,Transactional,Low,Landing page: nära fönsterputs Åskloster
professionell fönsterputs åskloster,fönsterputs,Åskloster,professionell,Modified Service,Transactional,Low,Landing page: professionell fönsterputs Åskloster
fönsterputsare åskloster,fönsterputsare,Åskloster,None,Local Service,Transactional,Low-Medium,Service page for fönsterputsare in Åskloster
billig fönsterputsare åskloster,fönsterputsare,Åskloster,billig,Modified Service,Transactional,Low,Landing page: billig fönsterputsare Åskloster
bästa fönsterputsare åskloster,fönsterputsare,Åskloster,bästa,Modified Service,Transactional,Low-Medium,Landing page: bästa fönsterputsare Åskloster
fönsterputsare företag åskloster,fönsterputsare,Åskloster,företag,Business Service,Transactional,Low,Landing page: företag fönsterputsare Åskloster
fönsterputsare nära åskloster,fönsterputsare,Åskloster,nära,Near Me,Transactional,Low,Landing page: nära fönsterputsare Åskloster
professionell fönsterputsare åskloster,fönsterputsare,Åskloster,professionell,Modified Service,Transactional,Low,Landing page: professionell fönsterputsare Åskloster
fönsterputsning åskloster,fönsterputsning,Åskloster,None,Local Service,Transactional,Low-Medium,Service page for fönsterputsning in Åskloster
billig fönsterputsning åskloster,fönsterputsning,Åskloster,billig,Modified Service,Transactional,Low,Landing page: billig fönsterputsning Åskloster
bästa fönsterputsning åskloster,fönsterputsning,Åskloster,bästa,Modified Service,Transactional,Low-Medium,Landing page: bästa fönsterputsning Åskloster
fönsterputsning företag åskloster,fönsterputsning,Åskloster,företag,Business Service,Transactional,Low,Landing page: företag fönsterputsning Åskloster
fönsterputsning nära åskloster,fönsterputsning,Åskloster,nära,Near Me,Transactional,Low,Landing page: nära fönsterputsning Åskloster
professionell fönsterputsning åskloster,fönsterputsning,Åskloster,professionell,Modified Service,Transactional,Low,Landing page: professionell fönsterputsning Åskloster
fönsterrengöring åskloster,fönsterrengöring,Åskloster,None,Local Service,Transactional,Low-Medium,Service page for fönsterrengöring in Åskloster
billig fönsterrengöring åskloster,fönsterrengöring,Åskloster,billig,Modified Service,Transactional,Low,Landing page: billig fönsterrengöring Åskloster
bästa fönsterrengöring åskloster,fönsterrengöring,Åskloster,bästa,Modified Service,Transactional,Low-Medium,Landing page: bästa fönsterrengöring Åskloster
fönsterrengöring företag åskloster,fönsterrengöring,Åskloster,företag,Business Service,Transactional,Low,Landing page: företag fönsterrengöring Åskloster
fönsterrengöring nära åskloster,fönsterrengöring,Åskloster,nära,Near Me,Transactional,Low,Landing page: nära fönsterrengöring Åskloster
professionell fönsterrengöring åskloster,fönsterrengöring,Åskloster,professionell,Modified Service,Transactional,Low,Landing page: professionell fönsterrengöring Åskloster
företagsstädning åskloster,företagsstädning,Åskloster,None,Local Service,Transactional,Low-Medium,Service page for företagsstädning in Åskloster
billig företagsstädning åskloster,företagsstädning,Åskloster,billig,Modified Service,Transactional,Low,Landing page: billig företagsstädning Åskloster
bästa företagsstädning åskloster,företagsstädning,Åskloster,bästa,Modified Service,Transactional,Low-Medium,Landing page: bästa företagsstädning Åskloster
företagsstädning företag åskloster,företagsstädning,Åskloster,företag,Business Service,Transactional,Low,Landing page: företag företagsstädning Åskloster
företagsstädning nära åskloster,företagsstädning,Åskloster,nära,Near Me,Transactional,Low,Landing page: nära företagsstädning Åskloster
professionell företagsstädning åskloster,företagsstädning,Åskloster,professionell,Modified Service,Transactional,Low,Landing page: professionell företagsstädning Åskloster
hemstädning åskloster,hemstädning,Åskloster,None,Local Service,Commercial,Low-Medium,Service page for hemstädning in Åskloster
billig hemstädning åskloster,hemstädning,Åskloster,billig,Modified Service,Commercial,Low,Landing page: billig hemstädning Åskloster
bästa hemstädning åskloster,hemstädning,Åskloster,bästa,Modified Service,Commercial,Low-Medium,Landing page: bästa hemstädning Åskloster
hemstädning företag åskloster,hemstädning,Åskloster,företag,Business Service,Commercial,Low,Landing page: företag hemstädning Åskloster
hemstädning nära åskloster,hemstädning,Åskloster,nära,Near Me,Commercial,Low,Landing page: nära hemstädning Åskloster
professionell hemstädning åskloster,hemstädning,Åskloster,professionell,Modified Service,Commercial,Low,Landing page: professionell hemstädning Åskloster
kontorsstädning åskloster,kontorsstädning,Åskloster,None,Local Service,Commercial,Low-Medium,Service page for kontorsstädning in Åskloster
billig kontorsstädning åskloster,kontorsstädning,Åskloster,billig,Modified Service,Commercial,Low,Landing page: billig kontorsstädning Åskloster
bästa kontorsstädning åskloster,kontorsstädning,Åskloster,bästa,Modified Service,Commercial,Low-Medium,Landing page: bästa kontorsstädning Åskloster
kontorsstädning företag åskloster,kontorsstädning,Åskloster,företag,Business Service,Commercial,Low,Landing page: företag kontorsstädning Åskloster
kontorsstädning nära åskloster,kontorsstädning,Åskloster,nära,Near Me,Commercial,Low,Landing page: nära kontorsstädning Åskloster
professionell kontorsstädning åskloster,kontorsstädning,Åskloster,professionell,Modified Service,Commercial,Low,Landing page: professionell kontorsstädning Åskloster
